[
    {
        "stepId": "STEP1",
        "stepName": "Url: WebTours_3",
        "infFile": "t2.inf",
        "time": 1728938949253
    },
    {
        "stepId": "STEP2",
        "stepName": "Submit Data: login.pl_5",
        "infFile": "t3.inf",
        "time": 1728938949663
    },
    {
        "stepId": "STEP3",
        "stepName": "Url: Search Flights Button_5",
        "infFile": "t5.inf",
        "time": 1728938949930
    },
    {
        "stepId": "STEP4",
        "stepName": "Submit Data: reservations.pl_10",
        "infFile": "t6.inf",
        "time": 1728938950135
    },
    {
        "stepId": "STEP5",
        "stepName": "Submit Data: reservations.pl_11",
        "infFile": "t7.inf",
        "time": 1728938950293
    },
    {
        "stepId": "STEP6",
        "stepName": "Submit Data: reservations.pl_12",
        "infFile": "t8.inf",
        "time": 1728938950447
    },
    {
        "stepId": "STEP7",
        "stepName": "Url: SignOff Button_3",
        "infFile": "t9.inf",
        "time": 1728938950682
    }
]