[
    {
        "stepId": "STEP1",
        "stepName": "Url: WebTours",
        "infFile": "t3.inf",
        "time": 1727980978022
    },
    {
        "stepId": "STEP2",
        "stepName": "Submit Data: login.pl_2",
        "infFile": "t4.inf",
        "time": 1727980978340
    },
    {
        "stepId": "STEP3",
        "stepName": "Url: Search Flights Button_2",
        "infFile": "t5.inf",
        "time": 1727980978587
    },
    {
        "stepId": "STEP4",
        "stepName": "Submit Data: reservations.pl_4",
        "infFile": "t6.inf",
        "time": 1727980978723
    },
    {
        "stepId": "STEP5",
        "stepName": "Submit Data: reservations.pl_5",
        "infFile": "t7.inf",
        "time": 1727980978884
    },
    {
        "stepId": "STEP6",
        "stepName": "Submit Data: reservations.pl_6",
        "infFile": "t8.inf",
        "time": 1727980979030
    },
    {
        "stepId": "STEP7",
        "stepName": "Url: SignOff Button_2",
        "infFile": "t9.inf",
        "time": 1727980979275
    }
]