[
    {
        "transactionName": "GotoWebTours",
        "rawStartTime": 1728938948832,
        "rawEndTime": 1728938949328
    },
    {
        "transactionName": "LogIn",
        "rawStartTime": 1728938949359,
        "rawEndTime": 1728938949671
    },
    {
        "transactionName": "GotoFlights",
        "rawStartTime": 1728938949704,
        "rawEndTime": 1728938949938
    },
    {
        "transactionName": "SearchTicket",
        "rawStartTime": 1728938949954,
        "rawEndTime": 1728938950142
    },
    {
        "transactionName": "ChooseFlight",
        "rawStartTime": 1728938950189,
        "rawEndTime": 1728938950297
    },
    {
        "transactionName": "PaymentDetails",
        "rawStartTime": 1728938950344,
        "rawEndTime": 1728938950452
    },
    {
        "transactionName": "LogOut",
        "rawStartTime": 1728938950484,
        "rawEndTime": 1728938950686
    },
    {
        "transactionName": "Buy_Ticket",
        "rawStartTime": 1728938948799,
        "rawEndTime": 1728938950701
    }
]