[
    {
        "transactionName": "GotoWebTours",
        "rawStartTime": 1727980977454,
        "rawEndTime": 1727980978030
    },
    {
        "transactionName": "LogIn",
        "rawStartTime": 1727980978060,
        "rawEndTime": 1727980978342
    },
    {
        "transactionName": "GotoFlights",
        "rawStartTime": 1727980978373,
        "rawEndTime": 1727980978591
    },
    {
        "transactionName": "FindFlight",
        "rawStartTime": 1727980978607,
        "rawEndTime": 1727980978737
    },
    {
        "transactionName": "PaymentDetails",
        "rawStartTime": 1727980978784,
        "rawEndTime": 1727980978891
    },
    {
        "transactionName": "Invoice",
        "rawStartTime": 1727980978923,
        "rawEndTime": 1727980979034
    },
    {
        "transactionName": "LogOff",
        "rawStartTime": 1727980979066,
        "rawEndTime": 1727980979286
    },
    {
        "transactionName": "Buy_Ticket",
        "rawStartTime": 1727980977438,
        "rawEndTime": 1727980979301
    }
]