[
    {
        "stepId": "STEP1",
        "stepName": "Url: welcome.pl",
        "infFile": "t1.inf",
        "time": 1728836712306
    },
    {
        "stepId": "STEP2",
        "stepName": "Submit Form: login.pl",
        "infFile": "t2.inf",
        "time": 1728836712535
    },
    {
        "stepId": "STEP3",
        "stepName": "Image: Itinerary Button",
        "infFile": "t3.inf",
        "time": 1728836712831
    },
    {
        "stepId": "STEP4",
        "stepName": "Image: SignOff Button",
        "infFile": "t4.inf",
        "time": 1728836713105
    }
]