[
    {
        "stepId": "STEP1",
        "stepName": "Url: welcome.pl",
        "infFile": "t2.inf",
        "time": 1727734200464
    },
    {
        "stepId": "STEP2",
        "stepName": "Submit Form: login.pl",
        "infFile": "t3.inf",
        "time": 1727734200696
    },
    {
        "stepId": "STEP3",
        "stepName": "Image: Itinerary Button",
        "infFile": "t4.inf",
        "time": 1727734200984
    },
    {
        "stepId": "STEP4",
        "stepName": "Image: SignOff Button",
        "infFile": "t5.inf",
        "time": 1727734201162
    }
]