[
    {
        "transactionName": "GotoWebTours",
        "rawStartTime": 1727734199949,
        "rawEndTime": 1727734200474
    },
    {
        "transactionName": "logIn",
        "rawStartTime": 1727734200506,
        "rawEndTime": 1727734200711
    },
    {
        "transactionName": "GotoItinerary",
        "rawStartTime": 1727734200742,
        "rawEndTime": 1727734200992
    },
    {
        "transactionName": "LogOff",
        "rawStartTime": 1727734201024,
        "rawEndTime": 1727734201165
    },
    {
        "transactionName": "Check_Itinerary",
        "rawStartTime": 1727734199933,
        "rawEndTime": 1727734201181
    }
]