[
    {
        "transactionName": "GotoWebTours",
        "rawStartTime": 1728836711957,
        "rawEndTime": 1728836712315
    },
    {
        "transactionName": "logIn",
        "rawStartTime": 1728836712347,
        "rawEndTime": 1728836712548
    },
    {
        "transactionName": "GotoItinerary",
        "rawStartTime": 1728836712579,
        "rawEndTime": 1728836712846
    },
    {
        "transactionName": "LogOff",
        "rawStartTime": 1728836712877,
        "rawEndTime": 1728836713113
    },
    {
        "transactionName": "Check_Itinerary",
        "rawStartTime": 1728836711925,
        "rawEndTime": 1728836713128
    }
]