[
    {
        "transactionName": "GotoWebTours",
        "rawStartTime": 1727980862121,
        "rawEndTime": 1727980862497
    },
    {
        "transactionName": "LogIn",
        "rawStartTime": 1727980862528,
        "rawEndTime": 1727980862808
    },
    {
        "transactionName": "LogOut",
        "rawStartTime": 1727980862841,
        "rawEndTime": 1727980863030
    },
    {
        "transactionName": "LogIn_n_LogOut",
        "rawStartTime": 1727980862090,
        "rawEndTime": 1727980863046
    }
]