<?xml version="1.0" encoding="utf-8"?>
<VugenScriptMetadata>
  <ScriptName>S3_Buy_Ticket</ScriptName>
  <Protocol>Web - HTTP/HTML</Protocol>
  <ActionFiles>
    <FileEntry Name="vuser_init.c" Filter="2" />
    <FileEntry Name="S3_Buy_Ticket.c" Filter="2" />
    <FileEntry Name="vuser_end.c" Filter="2" />
  </ActionFiles>
  <GeneralFiles>
    <FileEntry Name="S3_Buy_Ticket.usr" Filter="4" />
    <FileEntry Name="default.cfg" Filter="4" />
    <FileEntry Name="default.usp" Filter="4" />
    <FileEntry Name="S3_Buy_Ticket.prm" Filter="2" />
    <FileEntry Name="globals.h" Filter="2" />
    <FileEntry Name="combined_S3_Buy_Ticket.c" Filter="2" />
    <FileEntry Name="pre_cci.c" Filter="2" />
    <FileEntry Name="138145971440.idx" Filter="1" />
    <FileEntry Name="164355184440.idx" Filter="1" />
    <FileEntry Name="199037950440.idx" Filter="1" />
    <FileEntry Name="204985029440.idx" Filter="1" />
    <FileEntry Name="4925078440.idx" Filter="1" />
    <FileEntry Name="77114842440.idx" Filter="1" />
    <FileEntry Name="99892258440.idx" Filter="1" />
    <FileEntry Name="9989225844_6th.561.idx" Filter="1" />
    <FileEntry Name="9989225844_AyO.619.idx" Filter="1" />
    <FileEntry Name="9989225844_hCN.277.idx" Filter="1" />
    <FileEntry Name="9989225844_mua.789.idx" Filter="1" />
    <FileEntry Name="9989225844_nEv.815.idx" Filter="1" />
    <FileEntry Name="9989225844_nRR.641.idx" Filter="1" />
    <FileEntry Name="9989225844_Os1.955.idx" Filter="1" />
    <FileEntry Name="9989225844_RBx.213.idx" Filter="1" />
    <FileEntry Name="9989225844_RqE.311.idx" Filter="1" />
    <FileEntry Name="9989225844_sH2.509.idx" Filter="1" />
    <FileEntry Name="9989225844_vLz.285.idx" Filter="1" />
    <FileEntry Name="9989225844_wUN.453.idx" Filter="1" />
    <FileEntry Name="9989225844_x5l.329.idx" Filter="1" />
    <FileEntry Name="9989225844_Xsb.549.idx" Filter="1" />
    <FileEntry Name="Bookmarks.xml" Filter="1" />
    <FileEntry Name="Breakpoints.xml" Filter="1" />
    <FileEntry Name="CompilerLogMetadata.xml" Filter="1" />
    <FileEntry Name="data.zip" Filter="1" />
    <FileEntry Name="logfile.log" Filter="1" />
    <FileEntry Name="login.dat" Filter="1" />
    <FileEntry Name="mdrv.log" Filter="1" />
    <FileEntry Name="mdrv_cmd.txt" Filter="1" />
    <FileEntry Name="NewParam.dat" Filter="1" />
    <FileEntry Name="options.txt" Filter="1" />
    <FileEntry Name="output.bak" Filter="1" />
    <FileEntry Name="output.txt" Filter="1" />
    <FileEntry Name="ReplaySummaryReport.xml" Filter="1" />
    <FileEntry Name="S3_Buy_Ticket.c.pickle" Filter="1" />
    <FileEntry Name="S3_Buy_Ticket.ci" Filter="1" />
    <FileEntry Name="S3_Buy_Ticket.prm.bak" Filter="1" />
    <FileEntry Name="S3_Buy_Ticket.sdf" Filter="1" />
    <FileEntry Name="ScriptUploadMetadata.xml" Filter="1" />
    <FileEntry Name="ThumbnailsCache.tmp" Filter="1" />
    <FileEntry Name="TransactionsData.db" Filter="1" />
    <FileEntry Name="UserTasks.xml" Filter="1" />
    <FileEntry Name="data\" Filter="1" />
    <FileEntry Name="result1\" Filter="1" />
  </GeneralFiles>
</VugenScriptMetadata>