<?xml version="1.0" encoding="utf-8"?>
<VugenScriptMetadata>
  <ScriptName>S3_Buy_Ticket</ScriptName>
  <Protocol>Web - HTTP/HTML</Protocol>
  <ActionFiles>
    <FileEntry Name="vuser_init.c" Filter="2" />
    <FileEntry Name="S3_Buy_Ticket.c" Filter="2" />
    <FileEntry Name="vuser_end.c" Filter="2" />
  </ActionFiles>
  <GeneralFiles>
    <FileEntry Name="S3_Buy_Ticket.usr" Filter="4" />
    <FileEntry Name="default.cfg" Filter="4" />
    <FileEntry Name="default.usp" Filter="4" />
    <FileEntry Name="S3_Buy_Ticket.prm" Filter="2" />
    <FileEntry Name="globals.h" Filter="2" />
    <FileEntry Name="combined_S3_Buy_Ticket.c" Filter="2" />
    <FileEntry Name="pre_cci.c" Filter="2" />
    <FileEntry Name="138145971440.idx" Filter="1" />
    <FileEntry Name="164355184440.idx" Filter="1" />
    <FileEntry Name="16435518444_0em.455.idx" Filter="1" />
    <FileEntry Name="16435518444_0kt.719.idx" Filter="1" />
    <FileEntry Name="16435518444_0lJ.23.idx" Filter="1" />
    <FileEntry Name="16435518444_0oZ.549.idx" Filter="1" />
    <FileEntry Name="16435518444_0qY.501.idx" Filter="1" />
    <FileEntry Name="16435518444_0wR.483.idx" Filter="1" />
    <FileEntry Name="16435518444_152.303.idx" Filter="1" />
    <FileEntry Name="16435518444_1eF.627.idx" Filter="1" />
    <FileEntry Name="16435518444_1Pn.921.idx" Filter="1" />
    <FileEntry Name="16435518444_2Pp.915.idx" Filter="1" />
    <FileEntry Name="16435518444_2T3.437.idx" Filter="1" />
    <FileEntry Name="16435518444_335.741.idx" Filter="1" />
    <FileEntry Name="16435518444_3K1.37.idx" Filter="1" />
    <FileEntry Name="16435518444_3za.815.idx" Filter="1" />
    <FileEntry Name="16435518444_4Fg.849.idx" Filter="1" />
    <FileEntry Name="16435518444_4hJ.567.idx" Filter="1" />
    <FileEntry Name="16435518444_4i3.753.idx" Filter="1" />
    <FileEntry Name="16435518444_4It.943.idx" Filter="1" />
    <FileEntry Name="16435518444_4ln.377.idx" Filter="1" />
    <FileEntry Name="16435518444_4Vl.327.idx" Filter="1" />
    <FileEntry Name="16435518444_57q.897.idx" Filter="1" />
    <FileEntry Name="16435518444_58X.187.idx" Filter="1" />
    <FileEntry Name="16435518444_5eJ.653.idx" Filter="1" />
    <FileEntry Name="16435518444_5fX.657.idx" Filter="1" />
    <FileEntry Name="16435518444_5hM.489.idx" Filter="1" />
    <FileEntry Name="16435518444_60j.233.idx" Filter="1" />
    <FileEntry Name="16435518444_6Ar.313.idx" Filter="1" />
    <FileEntry Name="16435518444_6B7.503.idx" Filter="1" />
    <FileEntry Name="16435518444_6KX.43.idx" Filter="1" />
    <FileEntry Name="16435518444_72S.649.idx" Filter="1" />
    <FileEntry Name="16435518444_7CQ.311.idx" Filter="1" />
    <FileEntry Name="16435518444_7EJ.643.idx" Filter="1" />
    <FileEntry Name="16435518444_7FQ.647.idx" Filter="1" />
    <FileEntry Name="16435518444_7wb.483.idx" Filter="1" />
    <FileEntry Name="16435518444_8nB.549.idx" Filter="1" />
    <FileEntry Name="16435518444_968.497.idx" Filter="1" />
    <FileEntry Name="16435518444_99O.305.idx" Filter="1" />
    <FileEntry Name="16435518444_9Ka.343.idx" Filter="1" />
    <FileEntry Name="16435518444_A0i.573.idx" Filter="1" />
    <FileEntry Name="16435518444_AEO.845.idx" Filter="1" />
    <FileEntry Name="16435518444_AHW.479.idx" Filter="1" />
    <FileEntry Name="16435518444_ajD.471.idx" Filter="1" />
    <FileEntry Name="16435518444_At7.289.idx" Filter="1" />
    <FileEntry Name="16435518444_ATB.49.idx" Filter="1" />
    <FileEntry Name="16435518444_aVT.925.idx" Filter="1" />
    <FileEntry Name="16435518444_B2X.135.idx" Filter="1" />
    <FileEntry Name="16435518444_b9O.725.idx" Filter="1" />
    <FileEntry Name="16435518444_BB9.603.idx" Filter="1" />
    <FileEntry Name="16435518444_bcW.531.idx" Filter="1" />
    <FileEntry Name="16435518444_bf4.581.idx" Filter="1" />
    <FileEntry Name="16435518444_BKe.341.idx" Filter="1" />
    <FileEntry Name="16435518444_BTI.901.idx" Filter="1" />
    <FileEntry Name="16435518444_BVt.519.idx" Filter="1" />
    <FileEntry Name="16435518444_c0V.385.idx" Filter="1" />
    <FileEntry Name="16435518444_c9B.47.idx" Filter="1" />
    <FileEntry Name="16435518444_cDG.987.idx" Filter="1" />
    <FileEntry Name="16435518444_cfy.745.idx" Filter="1" />
    <FileEntry Name="16435518444_Chy.587.idx" Filter="1" />
    <FileEntry Name="16435518444_CJE.297.idx" Filter="1" />
    <FileEntry Name="16435518444_Ckr.557.idx" Filter="1" />
    <FileEntry Name="16435518444_cOL.355.idx" Filter="1" />
    <FileEntry Name="16435518444_cQy.837.idx" Filter="1" />
    <FileEntry Name="16435518444_CSU.31.idx" Filter="1" />
    <FileEntry Name="16435518444_CTr.731.idx" Filter="1" />
    <FileEntry Name="16435518444_Dct.219.idx" Filter="1" />
    <FileEntry Name="16435518444_DdN.977.idx" Filter="1" />
    <FileEntry Name="16435518444_dE2.279.idx" Filter="1" />
    <FileEntry Name="16435518444_djB.397.idx" Filter="1" />
    <FileEntry Name="16435518444_DJd.611.idx" Filter="1" />
    <FileEntry Name="16435518444_dSz.497.idx" Filter="1" />
    <FileEntry Name="16435518444_dVD.599.idx" Filter="1" />
    <FileEntry Name="16435518444_e8I.243.idx" Filter="1" />
    <FileEntry Name="16435518444_Ebk.499.idx" Filter="1" />
    <FileEntry Name="16435518444_EBW.597.idx" Filter="1" />
    <FileEntry Name="16435518444_Eei.481.idx" Filter="1" />
    <FileEntry Name="16435518444_eFZ.991.idx" Filter="1" />
    <FileEntry Name="16435518444_eJ5.83.idx" Filter="1" />
    <FileEntry Name="16435518444_ejV.405.idx" Filter="1" />
    <FileEntry Name="16435518444_ejz.869.idx" Filter="1" />
    <FileEntry Name="16435518444_eKM.895.idx" Filter="1" />
    <FileEntry Name="16435518444_eL2.331.idx" Filter="1" />
    <FileEntry Name="16435518444_ERi.933.idx" Filter="1" />
    <FileEntry Name="16435518444_eSt.31.idx" Filter="1" />
    <FileEntry Name="16435518444_eUy.745.idx" Filter="1" />
    <FileEntry Name="16435518444_Eyx.439.idx" Filter="1" />
    <FileEntry Name="16435518444_Fea.941.idx" Filter="1" />
    <FileEntry Name="16435518444_Fji.873.idx" Filter="1" />
    <FileEntry Name="16435518444_fKp.95.idx" Filter="1" />
    <FileEntry Name="16435518444_fQb.597.idx" Filter="1" />
    <FileEntry Name="16435518444_ftF.549.idx" Filter="1" />
    <FileEntry Name="16435518444_G0N.961.idx" Filter="1" />
    <FileEntry Name="16435518444_G72.293.idx" Filter="1" />
    <FileEntry Name="16435518444_GCR.723.idx" Filter="1" />
    <FileEntry Name="16435518444_Gcx.545.idx" Filter="1" />
    <FileEntry Name="16435518444_geo.987.idx" Filter="1" />
    <FileEntry Name="16435518444_GKP.387.idx" Filter="1" />
    <FileEntry Name="16435518444_GrQ.339.idx" Filter="1" />
    <FileEntry Name="16435518444_gSp.355.idx" Filter="1" />
    <FileEntry Name="16435518444_gvQ.253.idx" Filter="1" />
    <FileEntry Name="16435518444_gw5.403.idx" Filter="1" />
    <FileEntry Name="16435518444_GZr.371.idx" Filter="1" />
    <FileEntry Name="16435518444_h68.821.idx" Filter="1" />
    <FileEntry Name="16435518444_HNB.807.idx" Filter="1" />
    <FileEntry Name="16435518444_Hoe.797.idx" Filter="1" />
    <FileEntry Name="16435518444_hOq.621.idx" Filter="1" />
    <FileEntry Name="16435518444_Hp9.525.idx" Filter="1" />
    <FileEntry Name="16435518444_HvL.695.idx" Filter="1" />
    <FileEntry Name="16435518444_hWE.875.idx" Filter="1" />
    <FileEntry Name="16435518444_Hxt.421.idx" Filter="1" />
    <FileEntry Name="16435518444_HxU.473.idx" Filter="1" />
    <FileEntry Name="16435518444_HXX.297.idx" Filter="1" />
    <FileEntry Name="16435518444_i6Q.479.idx" Filter="1" />
    <FileEntry Name="16435518444_iEH.709.idx" Filter="1" />
    <FileEntry Name="16435518444_iGV.533.idx" Filter="1" />
    <FileEntry Name="16435518444_imk.883.idx" Filter="1" />
    <FileEntry Name="16435518444_ISR.419.idx" Filter="1" />
    <FileEntry Name="16435518444_itS.975.idx" Filter="1" />
    <FileEntry Name="16435518444_Iyu.135.idx" Filter="1" />
    <FileEntry Name="16435518444_iZt.127.idx" Filter="1" />
    <FileEntry Name="16435518444_j2A.729.idx" Filter="1" />
    <FileEntry Name="16435518444_j7n.183.idx" Filter="1" />
    <FileEntry Name="16435518444_j83.237.idx" Filter="1" />
    <FileEntry Name="16435518444_jbP.515.idx" Filter="1" />
    <FileEntry Name="16435518444_jBz.141.idx" Filter="1" />
    <FileEntry Name="16435518444_JCV.413.idx" Filter="1" />
    <FileEntry Name="16435518444_jjO.925.idx" Filter="1" />
    <FileEntry Name="16435518444_K37.335.idx" Filter="1" />
    <FileEntry Name="16435518444_K8y.699.idx" Filter="1" />
    <FileEntry Name="16435518444_keq.871.idx" Filter="1" />
    <FileEntry Name="16435518444_kgt.871.idx" Filter="1" />
    <FileEntry Name="16435518444_KN8.661.idx" Filter="1" />
    <FileEntry Name="16435518444_KoL.691.idx" Filter="1" />
    <FileEntry Name="16435518444_kRq.139.idx" Filter="1" />
    <FileEntry Name="16435518444_KTk.801.idx" Filter="1" />
    <FileEntry Name="16435518444_l0J.705.idx" Filter="1" />
    <FileEntry Name="16435518444_lAL.83.idx" Filter="1" />
    <FileEntry Name="16435518444_lKq.747.idx" Filter="1" />
    <FileEntry Name="16435518444_llO.175.idx" Filter="1" />
    <FileEntry Name="16435518444_Lti.517.idx" Filter="1" />
    <FileEntry Name="16435518444_LWN.929.idx" Filter="1" />
    <FileEntry Name="16435518444_LXk.675.idx" Filter="1" />
    <FileEntry Name="16435518444_m5A.43.idx" Filter="1" />
    <FileEntry Name="16435518444_m7G.299.idx" Filter="1" />
    <FileEntry Name="16435518444_m8h.681.idx" Filter="1" />
    <FileEntry Name="16435518444_Mds.979.idx" Filter="1" />
    <FileEntry Name="16435518444_Mdy.873.idx" Filter="1" />
    <FileEntry Name="16435518444_MEF.63.idx" Filter="1" />
    <FileEntry Name="16435518444_Mil.13.idx" Filter="1" />
    <FileEntry Name="16435518444_mJF.833.idx" Filter="1" />
    <FileEntry Name="16435518444_mnT.353.idx" Filter="1" />
    <FileEntry Name="16435518444_Mpc.567.idx" Filter="1" />
    <FileEntry Name="16435518444_mSa.787.idx" Filter="1" />
    <FileEntry Name="16435518444_MXy.101.idx" Filter="1" />
    <FileEntry Name="16435518444_NI9.147.idx" Filter="1" />
    <FileEntry Name="16435518444_nkL.151.idx" Filter="1" />
    <FileEntry Name="16435518444_ntI.103.idx" Filter="1" />
    <FileEntry Name="16435518444_nuw.21.idx" Filter="1" />
    <FileEntry Name="16435518444_nz4.687.idx" Filter="1" />
    <FileEntry Name="16435518444_Nzr.41.idx" Filter="1" />
    <FileEntry Name="16435518444_O09.677.idx" Filter="1" />
    <FileEntry Name="16435518444_o1Z.441.idx" Filter="1" />
    <FileEntry Name="16435518444_o4T.13.idx" Filter="1" />
    <FileEntry Name="16435518444_o5z.585.idx" Filter="1" />
    <FileEntry Name="16435518444_O6D.925.idx" Filter="1" />
    <FileEntry Name="16435518444_ODq.869.idx" Filter="1" />
    <FileEntry Name="16435518444_Os3.237.idx" Filter="1" />
    <FileEntry Name="16435518444_OVm.457.idx" Filter="1" />
    <FileEntry Name="16435518444_oyS.5.idx" Filter="1" />
    <FileEntry Name="16435518444_pht.697.idx" Filter="1" />
    <FileEntry Name="16435518444_pVd.387.idx" Filter="1" />
    <FileEntry Name="16435518444_pZB.205.idx" Filter="1" />
    <FileEntry Name="16435518444_pZm.59.idx" Filter="1" />
    <FileEntry Name="16435518444_Q0I.981.idx" Filter="1" />
    <FileEntry Name="16435518444_qeB.47.idx" Filter="1" />
    <FileEntry Name="16435518444_Qze.605.idx" Filter="1" />
    <FileEntry Name="16435518444_R7i.643.idx" Filter="1" />
    <FileEntry Name="16435518444_R8i.717.idx" Filter="1" />
    <FileEntry Name="16435518444_R9Q.167.idx" Filter="1" />
    <FileEntry Name="16435518444_rFc.613.idx" Filter="1" />
    <FileEntry Name="16435518444_Rkm.697.idx" Filter="1" />
    <FileEntry Name="16435518444_rlc.375.idx" Filter="1" />
    <FileEntry Name="16435518444_rsg.509.idx" Filter="1" />
    <FileEntry Name="16435518444_RSp.25.idx" Filter="1" />
    <FileEntry Name="16435518444_rWS.973.idx" Filter="1" />
    <FileEntry Name="16435518444_sDa.79.idx" Filter="1" />
    <FileEntry Name="16435518444_Sdv.987.idx" Filter="1" />
    <FileEntry Name="16435518444_sHa.425.idx" Filter="1" />
    <FileEntry Name="16435518444_Sn7.669.idx" Filter="1" />
    <FileEntry Name="16435518444_sou.485.idx" Filter="1" />
    <FileEntry Name="16435518444_SOu.905.idx" Filter="1" />
    <FileEntry Name="16435518444_Sqv.971.idx" Filter="1" />
    <FileEntry Name="16435518444_Ssl.95.idx" Filter="1" />
    <FileEntry Name="16435518444_tAF.529.idx" Filter="1" />
    <FileEntry Name="16435518444_tEG.743.idx" Filter="1" />
    <FileEntry Name="16435518444_TP1.173.idx" Filter="1" />
    <FileEntry Name="16435518444_TyE.675.idx" Filter="1" />
    <FileEntry Name="16435518444_u7v.151.idx" Filter="1" />
    <FileEntry Name="16435518444_uc2.539.idx" Filter="1" />
    <FileEntry Name="16435518444_UEn.719.idx" Filter="1" />
    <FileEntry Name="16435518444_UIM.527.idx" Filter="1" />
    <FileEntry Name="16435518444_UjU.195.idx" Filter="1" />
    <FileEntry Name="16435518444_Uk8.295.idx" Filter="1" />
    <FileEntry Name="16435518444_URK.477.idx" Filter="1" />
    <FileEntry Name="16435518444_uwI.873.idx" Filter="1" />
    <FileEntry Name="16435518444_UYd.969.idx" Filter="1" />
    <FileEntry Name="16435518444_vAH.667.idx" Filter="1" />
    <FileEntry Name="16435518444_vaj.555.idx" Filter="1" />
    <FileEntry Name="16435518444_VCu.767.idx" Filter="1" />
    <FileEntry Name="16435518444_VFJ.751.idx" Filter="1" />
    <FileEntry Name="16435518444_VKd.521.idx" Filter="1" />
    <FileEntry Name="16435518444_VmE.423.idx" Filter="1" />
    <FileEntry Name="16435518444_VpI.901.idx" Filter="1" />
    <FileEntry Name="16435518444_vpr.531.idx" Filter="1" />
    <FileEntry Name="16435518444_vRL.819.idx" Filter="1" />
    <FileEntry Name="16435518444_vUz.723.idx" Filter="1" />
    <FileEntry Name="16435518444_Vzb.169.idx" Filter="1" />
    <FileEntry Name="16435518444_Wa8.939.idx" Filter="1" />
    <FileEntry Name="16435518444_wFi.515.idx" Filter="1" />
    <FileEntry Name="16435518444_wLk.989.idx" Filter="1" />
    <FileEntry Name="16435518444_Wm0.495.idx" Filter="1" />
    <FileEntry Name="16435518444_wrP.87.idx" Filter="1" />
    <FileEntry Name="16435518444_wsZ.703.idx" Filter="1" />
    <FileEntry Name="16435518444_wTh.949.idx" Filter="1" />
    <FileEntry Name="16435518444_Wu0.771.idx" Filter="1" />
    <FileEntry Name="16435518444_Wwq.611.idx" Filter="1" />
    <FileEntry Name="16435518444_x9D.573.idx" Filter="1" />
    <FileEntry Name="16435518444_Xfm.583.idx" Filter="1" />
    <FileEntry Name="16435518444_XRa.933.idx" Filter="1" />
    <FileEntry Name="16435518444_XTZ.267.idx" Filter="1" />
    <FileEntry Name="16435518444_XUM.335.idx" Filter="1" />
    <FileEntry Name="16435518444_XxV.175.idx" Filter="1" />
    <FileEntry Name="16435518444_ydx.183.idx" Filter="1" />
    <FileEntry Name="16435518444_yfl.513.idx" Filter="1" />
    <FileEntry Name="16435518444_yMA.827.idx" Filter="1" />
    <FileEntry Name="16435518444_yn0.919.idx" Filter="1" />
    <FileEntry Name="16435518444_ypN.987.idx" Filter="1" />
    <FileEntry Name="16435518444_YU2.215.idx" Filter="1" />
    <FileEntry Name="16435518444_yUV.449.idx" Filter="1" />
    <FileEntry Name="16435518444_YXj.927.idx" Filter="1" />
    <FileEntry Name="16435518444_yyB.327.idx" Filter="1" />
    <FileEntry Name="16435518444_yz7.791.idx" Filter="1" />
    <FileEntry Name="16435518444_zEk.323.idx" Filter="1" />
    <FileEntry Name="16435518444_zfn.601.idx" Filter="1" />
    <FileEntry Name="16435518444_ZKy.991.idx" Filter="1" />
    <FileEntry Name="16435518444_ZP7.473.idx" Filter="1" />
    <FileEntry Name="16435518444_zRv.993.idx" Filter="1" />
    <FileEntry Name="199037950440.idx" Filter="1" />
    <FileEntry Name="204985029440.idx" Filter="1" />
    <FileEntry Name="4925078440.idx" Filter="1" />
    <FileEntry Name="77114842440.idx" Filter="1" />
    <FileEntry Name="99892258440.idx" Filter="1" />
    <FileEntry Name="9989225844_6th.561.idx" Filter="1" />
    <FileEntry Name="9989225844_AyO.619.idx" Filter="1" />
    <FileEntry Name="9989225844_hCN.277.idx" Filter="1" />
    <FileEntry Name="9989225844_mua.789.idx" Filter="1" />
    <FileEntry Name="9989225844_nEv.815.idx" Filter="1" />
    <FileEntry Name="9989225844_nRR.641.idx" Filter="1" />
    <FileEntry Name="9989225844_Os1.955.idx" Filter="1" />
    <FileEntry Name="9989225844_RBx.213.idx" Filter="1" />
    <FileEntry Name="9989225844_RqE.311.idx" Filter="1" />
    <FileEntry Name="9989225844_sH2.509.idx" Filter="1" />
    <FileEntry Name="9989225844_vLz.285.idx" Filter="1" />
    <FileEntry Name="9989225844_wUN.453.idx" Filter="1" />
    <FileEntry Name="9989225844_x5l.329.idx" Filter="1" />
    <FileEntry Name="9989225844_Xsb.549.idx" Filter="1" />
    <FileEntry Name="Bookmarks.xml" Filter="1" />
    <FileEntry Name="Breakpoints.xml" Filter="1" />
    <FileEntry Name="CompilerLogMetadata.xml" Filter="1" />
    <FileEntry Name="data.zip" Filter="1" />
    <FileEntry Name="logfile.log" Filter="1" />
    <FileEntry Name="login.dat" Filter="1" />
    <FileEntry Name="mdrv.log" Filter="1" />
    <FileEntry Name="mdrv_cmd.txt" Filter="1" />
    <FileEntry Name="NewParam.dat" Filter="1" />
    <FileEntry Name="options.txt" Filter="1" />
    <FileEntry Name="output.bak" Filter="1" />
    <FileEntry Name="output.txt" Filter="1" />
    <FileEntry Name="ReplaySummaryReport.xml" Filter="1" />
    <FileEntry Name="S3_Buy_Ticket.c.pickle" Filter="1" />
    <FileEntry Name="S3_Buy_Ticket.ci" Filter="1" />
    <FileEntry Name="S3_Buy_Ticket.prm.bak" Filter="1" />
    <FileEntry Name="S3_Buy_Ticket.sdf" Filter="1" />
    <FileEntry Name="ScriptUploadMetadata.xml" Filter="1" />
    <FileEntry Name="ThumbnailsCache.tmp" Filter="1" />
    <FileEntry Name="TransactionsData.db" Filter="1" />
    <FileEntry Name="UserTasks.xml" Filter="1" />
    <FileEntry Name="data\" Filter="1" />
    <FileEntry Name="result1\" Filter="1" />
  </GeneralFiles>
</VugenScriptMetadata>