[
    {
        "stepId": "STEP1",
        "stepName": "Url: welcome.pl",
        "infFile": "t1.inf",
        "time": 1728847601719
    },
    {
        "stepId": "STEP2",
        "stepName": "Url: login.pl",
        "infFile": "t2.inf",
        "time": 1728847601978
    },
    {
        "stepId": "STEP3",
        "stepName": "Submit Data: login.pl_2",
        "infFile": "t3.inf",
        "time": 1728847602127
    },
    {
        "stepId": "STEP4",
        "stepName": "Url: button_next.gif",
        "infFile": "t4.inf",
        "time": 1728847602315
    },
    {
        "stepId": "STEP5",
        "stepName": "Url: SignOff Button",
        "infFile": "t5.inf",
        "time": 1728847602539
    }
]