[
    {
        "transactionName": "GotoWebTours",
        "rawStartTime": 1727983571967,
        "rawEndTime": 1727983572432
    },
    {
        "transactionName": "CustomerProfile",
        "rawStartTime": 1727983572680,
        "rawEndTime": 1727983572804
    },
    {
        "transactionName": "SignUp",
        "rawStartTime": 1727983572464,
        "rawEndTime": 1727983572804
    },
    {
        "transactionName": "Sign_Up",
        "rawStartTime": 1727983571937,
        "rawEndTime": 1727983572804
    }
]