[
    {
        "transactionName": "GotoWebTours",
        "rawStartTime": 1728847601381,
        "rawEndTime": 1728847601740
    },
    {
        "transactionName": "CustomerProfile",
        "rawStartTime": 1728847602005,
        "rawEndTime": 1728847602129
    },
    {
        "transactionName": "SignUp",
        "rawStartTime": 1728847601772,
        "rawEndTime": 1728847602330
    },
    {
        "transactionName": "LogOut",
        "rawStartTime": 1728847602361,
        "rawEndTime": 1728847602546
    },
    {
        "transactionName": "Sign_Up",
        "rawStartTime": 1728847601351,
        "rawEndTime": 1728847602561
    }
]