<?xml version="1.0" encoding="utf-8"?>
<VugenScriptMetadata>
  <ScriptName>S5_Delete_Ticket</ScriptName>
  <Protocol>Web - HTTP/HTML</Protocol>
  <ActionFiles>
    <FileEntry Name="vuser_init.c" Filter="2" />
    <FileEntry Name="S5_Delete_Ticket.c" Filter="2" />
    <FileEntry Name="vuser_end.c" Filter="2" />
  </ActionFiles>
  <GeneralFiles>
    <FileEntry Name="S5_Delete_Ticket.usr" Filter="4" />
    <FileEntry Name="default.cfg" Filter="4" />
    <FileEntry Name="default.usp" Filter="4" />
    <FileEntry Name="S5_Delete_Ticket.prm" Filter="2" />
    <FileEntry Name="globals.h" Filter="2" />
    <FileEntry Name="combined_S5_Delete_Ticket.c" Filter="2" />
    <FileEntry Name="pre_cci.c" Filter="2" />
    <FileEntry Name="85988112440.idx" Filter="1" />
    <FileEntry Name="8598811244_0gp.561.idx" Filter="1" />
    <FileEntry Name="8598811244_0jM.645.idx" Filter="1" />
    <FileEntry Name="8598811244_0lX.713.idx" Filter="1" />
    <FileEntry Name="8598811244_0t4.505.idx" Filter="1" />
    <FileEntry Name="8598811244_1A2.931.idx" Filter="1" />
    <FileEntry Name="8598811244_1gm.397.idx" Filter="1" />
    <FileEntry Name="8598811244_1LI.831.idx" Filter="1" />
    <FileEntry Name="8598811244_1LX.635.idx" Filter="1" />
    <FileEntry Name="8598811244_1PH.349.idx" Filter="1" />
    <FileEntry Name="8598811244_1S0.53.idx" Filter="1" />
    <FileEntry Name="8598811244_1tG.397.idx" Filter="1" />
    <FileEntry Name="8598811244_1ya.979.idx" Filter="1" />
    <FileEntry Name="8598811244_21K.87.idx" Filter="1" />
    <FileEntry Name="8598811244_2PA.721.idx" Filter="1" />
    <FileEntry Name="8598811244_2QP.533.idx" Filter="1" />
    <FileEntry Name="8598811244_2T1.297.idx" Filter="1" />
    <FileEntry Name="8598811244_2xB.967.idx" Filter="1" />
    <FileEntry Name="8598811244_3ex.173.idx" Filter="1" />
    <FileEntry Name="8598811244_3ID.369.idx" Filter="1" />
    <FileEntry Name="8598811244_3WE.577.idx" Filter="1" />
    <FileEntry Name="8598811244_3x5.53.idx" Filter="1" />
    <FileEntry Name="8598811244_45n.687.idx" Filter="1" />
    <FileEntry Name="8598811244_4Tz.947.idx" Filter="1" />
    <FileEntry Name="8598811244_4X4.43.idx" Filter="1" />
    <FileEntry Name="8598811244_54v.167.idx" Filter="1" />
    <FileEntry Name="8598811244_5Al.363.idx" Filter="1" />
    <FileEntry Name="8598811244_5dr.703.idx" Filter="1" />
    <FileEntry Name="8598811244_5eJ.653.idx" Filter="1" />
    <FileEntry Name="8598811244_5HT.659.idx" Filter="1" />
    <FileEntry Name="8598811244_5Tc.419.idx" Filter="1" />
    <FileEntry Name="8598811244_6f3.163.idx" Filter="1" />
    <FileEntry Name="8598811244_6gO.751.idx" Filter="1" />
    <FileEntry Name="8598811244_7BS.543.idx" Filter="1" />
    <FileEntry Name="8598811244_7D7.547.idx" Filter="1" />
    <FileEntry Name="8598811244_7dR.595.idx" Filter="1" />
    <FileEntry Name="8598811244_7lN.881.idx" Filter="1" />
    <FileEntry Name="8598811244_817.641.idx" Filter="1" />
    <FileEntry Name="8598811244_8Ep.159.idx" Filter="1" />
    <FileEntry Name="8598811244_8I2.591.idx" Filter="1" />
    <FileEntry Name="8598811244_8IW.19.idx" Filter="1" />
    <FileEntry Name="8598811244_8m6.347.idx" Filter="1" />
    <FileEntry Name="8598811244_8pH.487.idx" Filter="1" />
    <FileEntry Name="8598811244_8ra.447.idx" Filter="1" />
    <FileEntry Name="8598811244_99G.507.idx" Filter="1" />
    <FileEntry Name="8598811244_9E6.509.idx" Filter="1" />
    <FileEntry Name="8598811244_9I0.253.idx" Filter="1" />
    <FileEntry Name="8598811244_9Kn.629.idx" Filter="1" />
    <FileEntry Name="8598811244_9RY.71.idx" Filter="1" />
    <FileEntry Name="8598811244_a5R.351.idx" Filter="1" />
    <FileEntry Name="8598811244_a6s.159.idx" Filter="1" />
    <FileEntry Name="8598811244_aBS.405.idx" Filter="1" />
    <FileEntry Name="8598811244_aGn.393.idx" Filter="1" />
    <FileEntry Name="8598811244_Aiy.357.idx" Filter="1" />
    <FileEntry Name="8598811244_AKw.529.idx" Filter="1" />
    <FileEntry Name="8598811244_amc.927.idx" Filter="1" />
    <FileEntry Name="8598811244_aMn.911.idx" Filter="1" />
    <FileEntry Name="8598811244_aNL.145.idx" Filter="1" />
    <FileEntry Name="8598811244_ANw.291.idx" Filter="1" />
    <FileEntry Name="8598811244_APW.915.idx" Filter="1" />
    <FileEntry Name="8598811244_aqf.593.idx" Filter="1" />
    <FileEntry Name="8598811244_ARn.987.idx" Filter="1" />
    <FileEntry Name="8598811244_AYW.39.idx" Filter="1" />
    <FileEntry Name="8598811244_B6O.895.idx" Filter="1" />
    <FileEntry Name="8598811244_B8A.375.idx" Filter="1" />
    <FileEntry Name="8598811244_b9i.299.idx" Filter="1" />
    <FileEntry Name="8598811244_bae.291.idx" Filter="1" />
    <FileEntry Name="8598811244_bDL.85.idx" Filter="1" />
    <FileEntry Name="8598811244_bGt.947.idx" Filter="1" />
    <FileEntry Name="8598811244_Bhh.799.idx" Filter="1" />
    <FileEntry Name="8598811244_bJa.345.idx" Filter="1" />
    <FileEntry Name="8598811244_bof.341.idx" Filter="1" />
    <FileEntry Name="8598811244_bpx.485.idx" Filter="1" />
    <FileEntry Name="8598811244_bRB.689.idx" Filter="1" />
    <FileEntry Name="8598811244_BXP.423.idx" Filter="1" />
    <FileEntry Name="8598811244_C1I.415.idx" Filter="1" />
    <FileEntry Name="8598811244_C1O.1.idx" Filter="1" />
    <FileEntry Name="8598811244_CBT.917.idx" Filter="1" />
    <FileEntry Name="8598811244_cju.657.idx" Filter="1" />
    <FileEntry Name="8598811244_Cmx.279.idx" Filter="1" />
    <FileEntry Name="8598811244_cNo.107.idx" Filter="1" />
    <FileEntry Name="8598811244_CQn.795.idx" Filter="1" />
    <FileEntry Name="8598811244_cWX.297.idx" Filter="1" />
    <FileEntry Name="8598811244_CYv.177.idx" Filter="1" />
    <FileEntry Name="8598811244_dEU.221.idx" Filter="1" />
    <FileEntry Name="8598811244_Dh2.553.idx" Filter="1" />
    <FileEntry Name="8598811244_dM8.239.idx" Filter="1" />
    <FileEntry Name="8598811244_dRY.119.idx" Filter="1" />
    <FileEntry Name="8598811244_Dsm.783.idx" Filter="1" />
    <FileEntry Name="8598811244_e5P.575.idx" Filter="1" />
    <FileEntry Name="8598811244_edN.229.idx" Filter="1" />
    <FileEntry Name="8598811244_eF7.277.idx" Filter="1" />
    <FileEntry Name="8598811244_eIP.455.idx" Filter="1" />
    <FileEntry Name="8598811244_eJ5.83.idx" Filter="1" />
    <FileEntry Name="8598811244_ejU.753.idx" Filter="1" />
    <FileEntry Name="8598811244_elZ.943.idx" Filter="1" />
    <FileEntry Name="8598811244_eMW.515.idx" Filter="1" />
    <FileEntry Name="8598811244_EOk.413.idx" Filter="1" />
    <FileEntry Name="8598811244_ess.85.idx" Filter="1" />
    <FileEntry Name="8598811244_FbY.530.idx" Filter="1" />
    <FileEntry Name="8598811244_GeJ.551.idx" Filter="1" />
    <FileEntry Name="8598811244_GJB.291.idx" Filter="1" />
    <FileEntry Name="8598811244_Gki.55.idx" Filter="1" />
    <FileEntry Name="8598811244_Gmk.385.idx" Filter="1" />
    <FileEntry Name="8598811244_gN0.241.idx" Filter="1" />
    <FileEntry Name="8598811244_gTj.25.idx" Filter="1" />
    <FileEntry Name="8598811244_gUq.11.idx" Filter="1" />
    <FileEntry Name="8598811244_gwb.257.idx" Filter="1" />
    <FileEntry Name="8598811244_h0I.631.idx" Filter="1" />
    <FileEntry Name="8598811244_H0Z.30.idx" Filter="1" />
    <FileEntry Name="8598811244_h4n.917.idx" Filter="1" />
    <FileEntry Name="8598811244_h6x.395.idx" Filter="1" />
    <FileEntry Name="8598811244_H7E.299.idx" Filter="1" />
    <FileEntry Name="8598811244_ham.741.idx" Filter="1" />
    <FileEntry Name="8598811244_har.823.idx" Filter="1" />
    <FileEntry Name="8598811244_hH7.187.idx" Filter="1" />
    <FileEntry Name="8598811244_HQj.857.idx" Filter="1" />
    <FileEntry Name="8598811244_Hri.149.idx" Filter="1" />
    <FileEntry Name="8598811244_HsV.845.idx" Filter="1" />
    <FileEntry Name="8598811244_hX2.253.idx" Filter="1" />
    <FileEntry Name="8598811244_I2E.469.idx" Filter="1" />
    <FileEntry Name="8598811244_i3z.47.idx" Filter="1" />
    <FileEntry Name="8598811244_i5U.529.idx" Filter="1" />
    <FileEntry Name="8598811244_i9t.135.idx" Filter="1" />
    <FileEntry Name="8598811244_IaU.945.idx" Filter="1" />
    <FileEntry Name="8598811244_iEh.197.idx" Filter="1" />
    <FileEntry Name="8598811244_IHU.757.idx" Filter="1" />
    <FileEntry Name="8598811244_ioV.521.idx" Filter="1" />
    <FileEntry Name="8598811244_IPF.279.idx" Filter="1" />
    <FileEntry Name="8598811244_IQs.183.idx" Filter="1" />
    <FileEntry Name="8598811244_IUw.233.idx" Filter="1" />
    <FileEntry Name="8598811244_iyP.647.idx" Filter="1" />
    <FileEntry Name="8598811244_Iyz.993.idx" Filter="1" />
    <FileEntry Name="8598811244_J3E.605.idx" Filter="1" />
    <FileEntry Name="8598811244_j9I.745.idx" Filter="1" />
    <FileEntry Name="8598811244_jc2.855.idx" Filter="1" />
    <FileEntry Name="8598811244_Je1.145.idx" Filter="1" />
    <FileEntry Name="8598811244_jgd.905.idx" Filter="1" />
    <FileEntry Name="8598811244_Jlc.559.idx" Filter="1" />
    <FileEntry Name="8598811244_JnO.697.idx" Filter="1" />
    <FileEntry Name="8598811244_jQX.753.idx" Filter="1" />
    <FileEntry Name="8598811244_JSf.273.idx" Filter="1" />
    <FileEntry Name="8598811244_jsX.101.idx" Filter="1" />
    <FileEntry Name="8598811244_jTT.867.idx" Filter="1" />
    <FileEntry Name="8598811244_JVu.451.idx" Filter="1" />
    <FileEntry Name="8598811244_JXT.317.idx" Filter="1" />
    <FileEntry Name="8598811244_K8s.363.idx" Filter="1" />
    <FileEntry Name="8598811244_KHg.399.idx" Filter="1" />
    <FileEntry Name="8598811244_KHU.507.idx" Filter="1" />
    <FileEntry Name="8598811244_kkq.231.idx" Filter="1" />
    <FileEntry Name="8598811244_kOl.131.idx" Filter="1" />
    <FileEntry Name="8598811244_KrJ.539.idx" Filter="1" />
    <FileEntry Name="8598811244_ks4.897.idx" Filter="1" />
    <FileEntry Name="8598811244_lAL.83.idx" Filter="1" />
    <FileEntry Name="8598811244_Lgl.923.idx" Filter="1" />
    <FileEntry Name="8598811244_Lhr.353.idx" Filter="1" />
    <FileEntry Name="8598811244_lI9.795.idx" Filter="1" />
    <FileEntry Name="8598811244_llF.181.idx" Filter="1" />
    <FileEntry Name="8598811244_lTL.387.idx" Filter="1" />
    <FileEntry Name="8598811244_LZ8.777.idx" Filter="1" />
    <FileEntry Name="8598811244_mBD.193.idx" Filter="1" />
    <FileEntry Name="8598811244_MbV.647.idx" Filter="1" />
    <FileEntry Name="8598811244_Mcd.773.idx" Filter="1" />
    <FileEntry Name="8598811244_MCT.509.idx" Filter="1" />
    <FileEntry Name="8598811244_MGe.665.idx" Filter="1" />
    <FileEntry Name="8598811244_Mgz.201.idx" Filter="1" />
    <FileEntry Name="8598811244_MhM.867.idx" Filter="1" />
    <FileEntry Name="8598811244_mNs.777.idx" Filter="1" />
    <FileEntry Name="8598811244_mTf.711.idx" Filter="1" />
    <FileEntry Name="8598811244_MwA.345.idx" Filter="1" />
    <FileEntry Name="8598811244_mXb.225.idx" Filter="1" />
    <FileEntry Name="8598811244_MXn.623.idx" Filter="1" />
    <FileEntry Name="8598811244_nGw.973.idx" Filter="1" />
    <FileEntry Name="8598811244_NiP.797.idx" Filter="1" />
    <FileEntry Name="8598811244_NlP.525.idx" Filter="1" />
    <FileEntry Name="8598811244_nv6.483.idx" Filter="1" />
    <FileEntry Name="8598811244_NWU.201.idx" Filter="1" />
    <FileEntry Name="8598811244_o31.305.idx" Filter="1" />
    <FileEntry Name="8598811244_olP.341.idx" Filter="1" />
    <FileEntry Name="8598811244_oy7.365.idx" Filter="1" />
    <FileEntry Name="8598811244_oYQ.919.idx" Filter="1" />
    <FileEntry Name="8598811244_P0S.757.idx" Filter="1" />
    <FileEntry Name="8598811244_p85.955.idx" Filter="1" />
    <FileEntry Name="8598811244_pFN.963.idx" Filter="1" />
    <FileEntry Name="8598811244_pGt.809.idx" Filter="1" />
    <FileEntry Name="8598811244_Pi1.483.idx" Filter="1" />
    <FileEntry Name="8598811244_pm0.555.idx" Filter="1" />
    <FileEntry Name="8598811244_PP6.375.idx" Filter="1" />
    <FileEntry Name="8598811244_PuA.993.idx" Filter="1" />
    <FileEntry Name="8598811244_pwL.323.idx" Filter="1" />
    <FileEntry Name="8598811244_Pye.231.idx" Filter="1" />
    <FileEntry Name="8598811244_Pz4.39.idx" Filter="1" />
    <FileEntry Name="8598811244_q0i.789.idx" Filter="1" />
    <FileEntry Name="8598811244_Q3n.292.idx" Filter="1" />
    <FileEntry Name="8598811244_Q8y.177.idx" Filter="1" />
    <FileEntry Name="8598811244_qbH.51.idx" Filter="1" />
    <FileEntry Name="8598811244_QDD.231.idx" Filter="1" />
    <FileEntry Name="8598811244_qdp.717.idx" Filter="1" />
    <FileEntry Name="8598811244_qeh.191.idx" Filter="1" />
    <FileEntry Name="8598811244_Qhf.549.idx" Filter="1" />
    <FileEntry Name="8598811244_qJK.207.idx" Filter="1" />
    <FileEntry Name="8598811244_qKi.621.idx" Filter="1" />
    <FileEntry Name="8598811244_QVp.507.idx" Filter="1" />
    <FileEntry Name="8598811244_QWE.227.idx" Filter="1" />
    <FileEntry Name="8598811244_qyN.699.idx" Filter="1" />
    <FileEntry Name="8598811244_qZB.35.idx" Filter="1" />
    <FileEntry Name="8598811244_r1a.600.idx" Filter="1" />
    <FileEntry Name="8598811244_r1w.75.idx" Filter="1" />
    <FileEntry Name="8598811244_R4N.295.idx" Filter="1" />
    <FileEntry Name="8598811244_R6j.169.idx" Filter="1" />
    <FileEntry Name="8598811244_rAK.233.idx" Filter="1" />
    <FileEntry Name="8598811244_rH5.59.idx" Filter="1" />
    <FileEntry Name="8598811244_RHQ.743.idx" Filter="1" />
    <FileEntry Name="8598811244_rku.943.idx" Filter="1" />
    <FileEntry Name="8598811244_Rps.977.idx" Filter="1" />
    <FileEntry Name="8598811244_rQa.55.idx" Filter="1" />
    <FileEntry Name="8598811244_rRm.675.idx" Filter="1" />
    <FileEntry Name="8598811244_s0e.981.idx" Filter="1" />
    <FileEntry Name="8598811244_Sao.113.idx" Filter="1" />
    <FileEntry Name="8598811244_sIJ.675.idx" Filter="1" />
    <FileEntry Name="8598811244_Sk2.731.idx" Filter="1" />
    <FileEntry Name="8598811244_Sks.837.idx" Filter="1" />
    <FileEntry Name="8598811244_SLG.213.idx" Filter="1" />
    <FileEntry Name="8598811244_smp.345.idx" Filter="1" />
    <FileEntry Name="8598811244_sou.485.idx" Filter="1" />
    <FileEntry Name="8598811244_SOZ.839.idx" Filter="1" />
    <FileEntry Name="8598811244_SpC.203.idx" Filter="1" />
    <FileEntry Name="8598811244_sXB.345.idx" Filter="1" />
    <FileEntry Name="8598811244_T2Z.871.idx" Filter="1" />
    <FileEntry Name="8598811244_Tba.331.idx" Filter="1" />
    <FileEntry Name="8598811244_tIE.171.idx" Filter="1" />
    <FileEntry Name="8598811244_TjO.825.idx" Filter="1" />
    <FileEntry Name="8598811244_tmX.931.idx" Filter="1" />
    <FileEntry Name="8598811244_tNu.501.idx" Filter="1" />
    <FileEntry Name="8598811244_trM.975.idx" Filter="1" />
    <FileEntry Name="8598811244_tru.599.idx" Filter="1" />
    <FileEntry Name="8598811244_tZo.371.idx" Filter="1" />
    <FileEntry Name="8598811244_u01.475.idx" Filter="1" />
    <FileEntry Name="8598811244_u0x.313.idx" Filter="1" />
    <FileEntry Name="8598811244_ucD.493.idx" Filter="1" />
    <FileEntry Name="8598811244_Ugo.893.idx" Filter="1" />
    <FileEntry Name="8598811244_UGt.909.idx" Filter="1" />
    <FileEntry Name="8598811244_UGU.337.idx" Filter="1" />
    <FileEntry Name="8598811244_umZ.429.idx" Filter="1" />
    <FileEntry Name="8598811244_uPW.259.idx" Filter="1" />
    <FileEntry Name="8598811244_UqE.513.idx" Filter="1" />
    <FileEntry Name="8598811244_uQj.209.idx" Filter="1" />
    <FileEntry Name="8598811244_uxe.247.idx" Filter="1" />
    <FileEntry Name="8598811244_Uzz.409.idx" Filter="1" />
    <FileEntry Name="8598811244_Vny.91.idx" Filter="1" />
    <FileEntry Name="8598811244_vtT.37.idx" Filter="1" />
    <FileEntry Name="8598811244_vUx.729.idx" Filter="1" />
    <FileEntry Name="8598811244_vwK.867.idx" Filter="1" />
    <FileEntry Name="8598811244_VwP.605.idx" Filter="1" />
    <FileEntry Name="8598811244_VZD.403.idx" Filter="1" />
    <FileEntry Name="8598811244_vzJ.205.idx" Filter="1" />
    <FileEntry Name="8598811244_wpe.739.idx" Filter="1" />
    <FileEntry Name="8598811244_Wrk.355.idx" Filter="1" />
    <FileEntry Name="8598811244_wWK.481.idx" Filter="1" />
    <FileEntry Name="8598811244_wXT.667.idx" Filter="1" />
    <FileEntry Name="8598811244_X2o.681.idx" Filter="1" />
    <FileEntry Name="8598811244_x7v.243.idx" Filter="1" />
    <FileEntry Name="8598811244_xbD.283.idx" Filter="1" />
    <FileEntry Name="8598811244_xEh.509.idx" Filter="1" />
    <FileEntry Name="8598811244_XJX.223.idx" Filter="1" />
    <FileEntry Name="8598811244_Xop.889.idx" Filter="1" />
    <FileEntry Name="8598811244_xpx.697.idx" Filter="1" />
    <FileEntry Name="8598811244_xr3.343.idx" Filter="1" />
    <FileEntry Name="8598811244_Xwq.791.idx" Filter="1" />
    <FileEntry Name="8598811244_y8A.891.idx" Filter="1" />
    <FileEntry Name="8598811244_yde.255.idx" Filter="1" />
    <FileEntry Name="8598811244_Ymq.505.idx" Filter="1" />
    <FileEntry Name="8598811244_Ypa.119.idx" Filter="1" />
    <FileEntry Name="8598811244_yR9.525.idx" Filter="1" />
    <FileEntry Name="8598811244_YTH.551.idx" Filter="1" />
    <FileEntry Name="8598811244_YWJ.29.idx" Filter="1" />
    <FileEntry Name="8598811244_yxq.371.idx" Filter="1" />
    <FileEntry Name="8598811244_Z4Q.147.idx" Filter="1" />
    <FileEntry Name="8598811244_Z5s.65.idx" Filter="1" />
    <FileEntry Name="8598811244_zdb.557.idx" Filter="1" />
    <FileEntry Name="8598811244_Zld.215.idx" Filter="1" />
    <FileEntry Name="8598811244_ZWL.399.idx" Filter="1" />
    <FileEntry Name="8598811244_ZZf.199.idx" Filter="1" />
    <FileEntry Name="Bookmarks.xml" Filter="1" />
    <FileEntry Name="Breakpoints.xml" Filter="1" />
    <FileEntry Name="CompilerLogMetadata.xml" Filter="1" />
    <FileEntry Name="data.zip" Filter="1" />
    <FileEntry Name="lastname.dat" Filter="1" />
    <FileEntry Name="logfile.log" Filter="1" />
    <FileEntry Name="mdrv.log" Filter="1" />
    <FileEntry Name="mdrv_cmd.txt" Filter="1" />
    <FileEntry Name="options.txt" Filter="1" />
    <FileEntry Name="output.bak" Filter="1" />
    <FileEntry Name="output.txt" Filter="1" />
    <FileEntry Name="ReplaySummaryReport.xml" Filter="1" />
    <FileEntry Name="S5_Delete_Ticket.c.pickle" Filter="1" />
    <FileEntry Name="S5_Delete_Ticket.ci" Filter="1" />
    <FileEntry Name="S5_Delete_Ticket.prm.bak" Filter="1" />
    <FileEntry Name="S5_Delete_Ticket.sdf" Filter="1" />
    <FileEntry Name="ScriptUploadMetadata.xml" Filter="1" />
    <FileEntry Name="ThumbnailsCache.tmp" Filter="1" />
    <FileEntry Name="TransactionsData.db" Filter="1" />
    <FileEntry Name="UserTasks.xml" Filter="1" />
    <FileEntry Name="data\" Filter="1" />
    <FileEntry Name="result1\" Filter="1" />
  </GeneralFiles>
</VugenScriptMetadata>