[
    {
        "stepId": "STEP1",
        "stepName": "Url: WebTours",
        "infFile": "t1.inf",
        "time": 1727734748097
    },
    {
        "stepId": "STEP2",
        "stepName": "Submit Form: login.pl",
        "infFile": "t2.inf",
        "time": 1727734748362
    },
    {
        "stepId": "STEP3",
        "stepName": "Image: Search Flights Button",
        "infFile": "t7.inf",
        "time": 1727734748684
    },
    {
        "stepId": "STEP4",
        "stepName": "Submit Form: reservations.pl",
        "infFile": "t8.inf",
        "time": 1727734748854
    },
    {
        "stepId": "STEP5",
        "stepName": "Image: SignOff Button",
        "infFile": "t9.inf",
        "time": 1727734749049
    }
]