[
    {
        "stepId": "STEP1",
        "stepName": "Url: WebTours",
        "infFile": "t1.inf",
        "time": 1727980804788
    },
    {
        "stepId": "STEP2",
        "stepName": "Submit Form: login.pl",
        "infFile": "t2.inf",
        "time": 1727980805096
    },
    {
        "stepId": "STEP3",
        "stepName": "Image: Search Flights Button",
        "infFile": "t3.inf",
        "time": 1727980805354
    },
    {
        "stepId": "STEP4",
        "stepName": "Submit Form: reservations.pl",
        "infFile": "t4.inf",
        "time": 1727980805569
    },
    {
        "stepId": "STEP5",
        "stepName": "Image: SignOff Button",
        "infFile": "t5.inf",
        "time": 1727980805793
    }
]