[
    {
        "transactionName": "GotoWebTours",
        "rawStartTime": 1727980804447,
        "rawEndTime": 1727980804801
    },
    {
        "transactionName": "LogIn",
        "rawStartTime": 1727980804832,
        "rawEndTime": 1727980805098
    },
    {
        "transactionName": "GotoFlights",
        "rawStartTime": 1727980805130,
        "rawEndTime": 1727980805364
    },
    {
        "transactionName": "FindFlight",
        "rawStartTime": 1727980805412,
        "rawEndTime": 1727980805586
    },
    {
        "transactionName": "LogOff",
        "rawStartTime": 1727980805618,
        "rawEndTime": 1727980805804
    },
    {
        "transactionName": "Ticket_Search",
        "rawStartTime": 1727980804417,
        "rawEndTime": 1727980805820
    }
]