[
    {
        "transactionName": "GotoWebTours",
        "rawStartTime": 1727734747745,
        "rawEndTime": 1727734748105
    },
    {
        "transactionName": "LogIn",
        "rawStartTime": 1727734748137,
        "rawEndTime": 1727734748369
    },
    {
        "transactionName": "GotoFlights",
        "rawStartTime": 1727734748399,
        "rawEndTime": 1727734748697
    },
    {
        "transactionName": "FindFlight",
        "rawStartTime": 1727734748728,
        "rawEndTime": 1727734748870
    },
    {
        "transactionName": "LogOff",
        "rawStartTime": 1727734748901,
        "rawEndTime": 1727734749055
    },
    {
        "transactionName": "Ticket_Search",
        "rawStartTime": 1727734747713,
        "rawEndTime": 1727734749072
    }
]