[
    {
        "stepId": "STEP1",
        "stepName": "Url: welcome.pl",
        "infFile": "t2.inf",
        "time": 1728066325195
    },
    {
        "stepId": "STEP2",
        "stepName": "Submit Data: login.pl",
        "infFile": "t3.inf",
        "time": 1728066325434
    },
    {
        "stepId": "STEP3",
        "stepName": "Url: Itinerary Button",
        "infFile": "t5.inf",
        "time": 1728066325725
    },
    {
        "stepId": "STEP4",
        "stepName": "Submit Data: itinerary.pl",
        "infFile": "t6.inf",
        "time": 1728066325919
    },
    {
        "stepId": "STEP5",
        "stepName": "Url: SignOff Button",
        "infFile": "t7.inf",
        "time": 1728066326141
    }
]