[
    {
        "stepId": "STEP1",
        "stepName": "Url: WebTours",
        "infFile": "t2.inf",
        "time": 1729196698085
    },
    {
        "stepId": "STEP2",
        "stepName": "Submit Data: login.pl",
        "infFile": "t3.inf",
        "time": 1729196698464
    },
    {
        "stepId": "STEP3",
        "stepName": "Url: Itinerary Button",
        "infFile": "t6.inf",
        "time": 1729196698765
    },
    {
        "stepId": "STEP4",
        "stepName": "Custom Request: itinerary.pl_2",
        "infFile": "t7.inf",
        "time": 1729196699607
    },
    {
        "stepId": "STEP5",
        "stepName": "Url: SignOff Button",
        "infFile": "t8.inf",
        "time": 1729196699814
    }
]