[
    {
        "transactionName": "GotoWebTours",
        "rawStartTime": 1729196697728,
        "rawEndTime": 1729196698149
    },
    {
        "transactionName": "LogIn",
        "rawStartTime": 1729196698181,
        "rawEndTime": 1729196698479
    },
    {
        "transactionName": "GotoItinerary",
        "rawStartTime": 1729196698510,
        "rawEndTime": 1729196698773
    },
    {
        "transactionName": "CancelChecked",
        "rawStartTime": 1729196698788,
        "rawEndTime": 1729196699611
    },
    {
        "transactionName": "LogOut",
        "rawStartTime": 1729196699643,
        "rawEndTime": 1729196699828
    },
    {
        "transactionName": "Delete_Ticket",
        "rawStartTime": 1729196697698,
        "rawEndTime": 1729196699842
    }
]