[
    {
        "transactionName": "GotoWebTours",
        "rawStartTime": 1728066324802,
        "rawEndTime": 1728066325208
    },
    {
        "transactionName": "LogIn",
        "rawStartTime": 1728066325239,
        "rawEndTime": 1728066325440
    },
    {
        "transactionName": "GotoItinerary",
        "rawStartTime": 1728066325486,
        "rawEndTime": 1728066325731
    },
    {
        "transactionName": "DeleteTicket",
        "rawStartTime": 1728066325762,
        "rawEndTime": 1728066325931
    },
    {
        "transactionName": "LogOff",
        "rawStartTime": 1728066325961,
        "rawEndTime": 1728066326148
    },
    {
        "transactionName": "Delete_Ticket",
        "rawStartTime": 1728066324771,
        "rawEndTime": 1728066326164
    }
]